catalogId,quality,triangles,modelBytes,maxTextureDimension,minimumSilhouetteIoU
core,high,29900,2376128,2048,0.9974825667749163
core,medium,7898,690784,1024,0.9941127632274134
core,low,1900,211004,512,0.9849675177519263
armor,high,29900,2203280,2048,0.9994818652849741
armor,medium,7899,668156,1024,0.9984222300718238
armor,low,1900,204012,512,0.9915970342473814
thruster,high,29900,2389420,2048,0.9978431149960267
thruster,medium,7892,703120,1024,0.9919685577580314
thruster,low,1898,218888,512,0.9721779245927782
blade,high,29900,2247156,2048,0.9991456642460487
blade,medium,7899,678744,1024,0.9982383087764254
blade,low,1898,213588,512,0.9899271324474925
burst,high,29900,2237632,2048,0.9976672384219554
burst,medium,7891,681620,1024,0.9933687429583132
burst,low,1896,208304,512,0.972906879464573
lance,high,29900,2356020,2048,0.9990492359932088
lance,medium,7900,686116,1024,0.9975553442890126
lance,low,1899,217392,512,0.9861351819757366
shield,high,29900,2080168,2048,0.9992163639286289
shield,medium,7900,672004,1024,0.9981484598552433
shield,low,1900,210440,512,0.9850007211191769
breaker,high,29900,2472712,2048,0.998802771290063
breaker,medium,7881,692612,1024,0.997252208047105
breaker,low,1881,207956,512,0.9891609008408632
capacitor,high,29896,1930248,2048,0.9970501474926253
capacitor,medium,7880,646068,1024,0.9884003168195407
capacitor,low,1880,213440,512,0.9678620863218824
radiator,high,29900,2374680,2048,0.9994773291519665
radiator,medium,7894,699136,1024,0.9974520351052941
radiator,low,1899,210920,512,0.9843477882270986
